Provider,PotentialFraud,FraudProbability
PRV51002,No,0.028189068935854694
PRV51006,No,0.005468980704828664
PRV51009,No,0.01506061065159126
PRV51010,No,0.016517291640204608
PRV51018,No,0.014178794788803272
PRV51019,No,0.0036075172081718606
PRV51020,No,0.02634216746363325
PRV51022,No,0.07581426818666034
PRV51028,No,0.0002005207721582573
PRV51033,No,0.004040955011452234
PRV51034,No,0.004312533164794571
PRV51039,No,0.15571033207020776
PRV51050,No,0.08034823265959597
PRV51051,No,0.14491442445822608
PRV51069,Yes,0.5303108647002671
PRV51073,Yes,0.7758493993460034
PRV51079,No,0.03383701083859231
PRV51080,No,0.028554087948049076
PRV51085,No,0.016275803776578855
PRV51087,No,0.006088968977468552
PRV51088,No,0.07581985822467095
PRV51092,No,0.00040688329006930096
PRV51094,No,0.008463051372696744
PRV51095,No,0.004094762478182739
PRV51099,No,0.001813253923188535
PRV51106,No,0.0052817160253864
PRV51107,No,0.00037591421571253803
PRV51116,No,0.0003472174293622326
PRV51124,No,0.0409052531101693
PRV51127,No,0.18396973300157413
PRV51133,No,0.003885950894158243
PRV51150,No,0.0059173420906651255
PRV51157,No,0.002936364090534574
PRV51158,No,0.07901626786856758
PRV51161,No,0.27550842572660367
PRV51162,Yes,0.5756099123405223
PRV51163,Yes,0.5729911951024134
PRV51172,No,0.050017030412552906
PRV51174,No,0.0035283844703663343
PRV51177,No,0.03709140837537676
PRV51182,No,0.00015084021868818563
PRV51184,No,0.00020758792064487914
PRV51187,No,0.0048978863205899024
PRV51188,No,0.12214042931105881
PRV51192,No,0.006400278760678903
PRV51193,No,0.0021028712506767615
PRV51195,No,0.15289961045413974
PRV51197,No,0.0025200393743223166
PRV51199,No,0.003797771355311444
PRV51208,No,0.010340322677513432
PRV51220,No,0.004340571036223614
PRV51223,No,0.00034614834883483483
PRV51227,No,0.0009237181412334425
PRV51246,No,0.00025633703618739475
PRV51254,No,0.2758831268348169
PRV51257,No,0.00013482175801946933
PRV51268,No,0.04072190229016979
PRV51269,No,0.029122050408840368
PRV51270,No,0.3117920486071185
PRV51275,No,0.0002756846389529838
PRV51278,No,0.01595729556415576
PRV51283,No,0.04149609613755749
PRV51291,No,0.00884837460073411
PRV51294,No,0.0002029848946459906
PRV51310,No,0.0002771148988374661
PRV51317,No,0.32719709876313563
PRV51319,No,0.0009477078662960088
PRV51320,No,0.0005723421049871448
PRV51321,No,0.0020863753355822756
PRV51332,No,0.013008561627776501
PRV51333,No,0.02887193051767483
PRV51339,No,0.008925074587312131
PRV51343,No,0.08319883781775554
PRV51359,No,0.015329280225425313
PRV51365,No,0.3595829895772518
PRV51367,No,0.00019729695466811443
PRV51370,No,0.004326967427380926
PRV51372,No,0.04100840965785071
PRV51373,No,0.4139538473110234
PRV51374,No,0.2193306774621239
PRV51375,No,0.007407034843079193
PRV51381,No,0.026789832940538112
PRV51384,Yes,0.7700473589937603
PRV51385,No,0.0023105462707530135
PRV51400,No,0.01167144320539912
PRV51402,No,0.004017047173074727
PRV51407,Yes,0.9071946966372034
PRV51411,No,0.013260477133534754
PRV51413,No,0.004735606583472378
PRV51417,No,0.20302978506002836
PRV51420,No,0.061207434104738494
PRV51445,No,0.0010687084620538171
PRV51450,No,0.015076099504641583
PRV51452,Yes,0.5894135416575557
PRV51457,No,0.03487465169063561
PRV51461,No,0.017891876358620468
PRV51463,No,0.2061824293125405
PRV51473,No,0.3667716052294775
PRV51481,No,0.00029592757655637835
PRV51485,Yes,0.5065007285613989
PRV51489,No,0.00025837524891702933
PRV51493,No,0.0021152721367695224
PRV51498,No,0.006267559967716102
PRV51506,No,0.0026742712769258453
PRV51512,No,0.4237992399434034
PRV51513,No,0.00032274810958851224
PRV51519,No,0.007254917298284031
PRV51520,No,0.15788272466050415
PRV51524,No,0.022127920788413927
PRV51530,No,0.003749565406890855
PRV51537,No,0.005729830639572536
PRV51538,No,0.01608802885242302
PRV51543,No,0.02075250411745809
PRV51545,No,0.1975379168684367
PRV51548,No,0.0005322342691486296
PRV51559,No,0.008099931272292634
PRV51561,No,0.055459024667408
PRV51565,No,0.04318524588738785
PRV51575,No,0.02620339058764821
PRV51581,No,0.024939350280677525
PRV51589,No,0.05540752798932685
PRV51591,No,0.06910953617489354
PRV51594,No,0.16984456421127836
PRV51597,No,0.03885376753263058
PRV51603,No,0.010762217979211994
PRV51615,No,0.00018352923085677837
PRV51633,No,0.03610734970443601
PRV51643,No,0.00017183798700274526
PRV51646,No,0.0022541934920271307
PRV51648,No,0.10682279342558987
PRV51649,No,0.0063259513177067375
PRV51651,No,0.0050326070373941266
PRV51659,No,0.0002983034202351271
PRV51662,No,0.008977161951869915
PRV51663,No,0.06419401442418074
PRV51667,No,0.00033770296347263376
PRV51677,No,0.14198127320507864
PRV51680,No,0.0470194092864773
PRV51683,No,0.0007176477573752108
PRV51684,No,0.022338909131560634
PRV51686,No,0.00046632511477422687
PRV51700,No,0.0027688890524743444
PRV51701,No,0.0033318860730706394
PRV51714,No,0.0001375215183034981
PRV51717,No,0.0024749952089919316
PRV51728,No,0.0021944904185248705
PRV51730,No,0.003613768864433175
PRV51756,No,0.0004037233748965014
PRV51757,No,0.003401221352128228
PRV51760,No,0.00024077967086113657
PRV51768,No,0.0002801796667132575
PRV51772,No,0.0003009087140230651
PRV51777,No,0.0025268010911797547
PRV51782,No,0.3643125238587285
PRV51783,No,0.0011144275671101786
PRV51785,No,0.00015459855888016108
PRV51791,No,0.0004355604933504155
PRV51800,No,0.0002547191322308905
PRV51804,No,0.012623475180290479
PRV51808,No,0.008150055086500973
PRV51814,No,0.301909719468707
PRV51817,No,0.007508644897483657
PRV51825,No,0.0741633018489487
PRV51832,No,0.0005850692833744677
PRV51834,No,0.039687947338310076
PRV51835,No,0.0006122061562478542
PRV51839,No,0.22672095495828587
PRV51844,No,0.009040228509911527
PRV51850,No,0.03937963735794116
PRV51853,No,0.03804121879381753
PRV51854,Yes,0.6476773218623184
PRV51866,No,0.20904789624549946
PRV51880,No,0.0004960601251863127
PRV51881,No,0.05026259478430255
PRV51882,No,0.006893725431363652
PRV51883,No,0.04757436662424817
PRV51893,No,0.00560253083183895
PRV51900,No,0.0047229949668849275
PRV51903,No,0.0024038466264976756
PRV51904,No,0.00013638736996600772
PRV51907,No,0.00024431799342133795
PRV51912,No,0.0007405567218424286
PRV51939,Yes,0.8468442471612302
PRV51945,No,0.16087180108256127
PRV51953,No,0.46988121285596485
PRV51955,No,0.424525472355572
PRV51962,No,0.009638138531768377
PRV51971,No,0.004061013518001651
PRV51975,No,0.017737171971838796
PRV51980,No,0.01656166350951223
PRV51982,Yes,0.9596037713176676
PRV51985,No,0.17076759979364375
PRV51986,No,0.0021471880143855877
PRV51997,No,0.014400617202065067
PRV52000,No,0.01270806453254542
PRV52005,No,0.45585863565118406
PRV52006,Yes,0.5950608194934186
PRV52015,No,0.05019619678164856
PRV52016,No,0.012298004766620232
PRV52018,No,0.03716073772184791
PRV52023,No,0.032538499895891325
PRV52033,No,0.21346142008597727
PRV52034,No,0.005857591182481882
PRV52035,No,0.18407568270415314
PRV52036,No,0.11144268025882781
PRV52040,No,0.4611071836619855
PRV52043,No,0.06894106678486199
PRV52050,No,0.13831478438362355
PRV52053,No,0.025683411866671634
PRV52060,No,0.01809342013874461
PRV52067,No,0.08107042445506643
PRV52070,No,0.08830711712775459
PRV52078,Yes,0.8855541633440285
PRV52080,Yes,0.9836428571428573
PRV52083,No,0.08820376551271406
PRV52086,No,0.018588507640334043
PRV52091,No,0.45202054885600984
PRV52093,Yes,0.5378846636823448
PRV52096,No,0.08319455614269376
PRV52103,No,0.017257237416449488
PRV52106,No,0.007259245095446763
PRV52108,No,0.0376458186615636
PRV52110,No,0.27927523972169754
PRV52116,No,0.2088720670574679
PRV52117,No,0.41665742711370485
PRV52125,No,0.4818850123194603
PRV52132,No,0.013380764280772325
PRV52134,No,0.24021780246371782
PRV52137,Yes,0.6115321320945369
PRV52139,No,0.01623662601411525
PRV52153,No,0.0067321682724861675
PRV52158,No,0.005787673418662801
PRV52164,No,0.04898799635070818
PRV52172,No,0.048589807427986915
PRV52183,No,0.005668068097822805
PRV52190,No,0.0037881491744898212
PRV52194,No,0.0002805465904374659
PRV52198,No,0.00343956757970871
PRV52203,No,0.0028965388179191336
PRV52207,No,0.0036049910266578804
PRV52210,No,0.007445022353392917
PRV52215,No,0.0020061120997988974
PRV52223,No,0.00027885877435435597
PRV52234,No,0.01650842469787202
PRV52239,No,0.00032085777364699474
PRV52243,No,0.015944989725059745
PRV52244,No,0.002352827118875961
PRV52245,No,0.0004129679058720648
PRV52250,No,0.0009989357556650987
PRV52258,No,0.0002555885195071467
PRV52259,No,0.0009295245336267689
PRV52268,No,0.0003792799757622346
PRV52269,No,0.007429960809788736
PRV52270,No,0.01571125466371317
PRV52277,No,0.007176717811720269
PRV52287,No,0.41833632657530023
PRV52297,No,0.0009431945661194994
PRV52301,No,0.008051094028322348
PRV52305,No,0.002081512911808676
PRV52316,No,0.003338998846903058
PRV52322,No,0.00028905938063989594
PRV52324,No,0.023777340723603366
PRV52327,No,0.08245778236250544
PRV52329,No,0.08699191659540009
PRV52330,No,0.0001826238719941222
PRV52333,No,0.005110059834139081
PRV52338,Yes,0.9567929959998419
PRV52339,No,0.0080490747824111
PRV52345,No,0.00026222511755359657
PRV52360,No,0.4897369917356321
PRV52363,No,0.0024677935471172077
PRV52364,Yes,0.7204815813316948
PRV52368,Yes,0.5119542371895371
PRV52370,No,0.0008968610777694702
PRV52375,No,0.18851301519206615
PRV52376,No,0.017671478189446487
PRV52379,No,0.0062648803335682915
PRV52382,No,0.00023610875665761377
PRV52388,No,0.047000312745679146
PRV52413,No,0.0003255436458117546
PRV52424,No,0.009156104019098414
PRV52426,No,0.0003250733285240715
PRV52428,No,0.003446796566060361
PRV52429,No,0.004762863302029072
PRV52430,No,0.0003222082808071638
PRV52438,No,0.0009847117155296675
PRV52442,No,0.4793195422445805
PRV52444,No,0.004815944939835223
PRV52447,No,0.0451273962660157
PRV52465,No,0.017527008036875416
PRV52475,No,0.08534336256853703
PRV52477,No,0.05244755265175897
PRV52479,Yes,0.7016168515529884
PRV52481,No,0.002473985397453439
PRV52489,No,0.0018445764237953546
PRV52496,No,0.0012532520917269932
PRV52498,No,0.0036555940971920416
PRV52505,No,0.00022543427846635877
PRV52516,No,0.04685237393105052
PRV52522,No,0.00013980990932049606
PRV52524,No,0.0001463330237391786
PRV52534,No,0.0033007366134100626
PRV52538,No,0.0033438362806295537
PRV52546,No,0.19276606002161287
PRV52550,No,0.26089405227168827
PRV52569,No,0.33884733560975083
PRV52585,No,0.26926379218637364
PRV52594,No,0.21101753911470028
PRV52595,No,0.067743728157068
PRV52597,No,0.01386439255238921
PRV52600,No,0.045578598460711765
PRV52601,No,0.32792491924647266
PRV52603,No,0.23001878851315127
PRV52612,No,0.00821793580815364
PRV52613,No,0.03249056733528076
PRV52618,Yes,0.9659745561528823
PRV52619,No,0.00172887792173554
PRV52620,No,0.0005122597755776093
PRV52624,No,0.02228881877915017
PRV52625,No,0.023406952697909208
PRV52632,Yes,0.9055072945845007
PRV52635,No,0.004709697456681607
PRV52637,No,0.4061885725524379
PRV52650,No,0.00033375549942698195
PRV52655,No,0.21913379314831366
PRV52664,No,0.023059087417870886
PRV52675,No,0.006610639414876296
PRV52680,No,0.00023683480450760016
PRV52682,No,0.001314927441593386
PRV52685,No,0.0036650975869455303
PRV52705,No,0.00036595971853288034
PRV52707,No,0.004315148223484217
PRV52712,No,0.11089019562499207
PRV52716,No,0.0009476927902137951
PRV52718,No,0.03500215201597087
PRV52730,No,0.0009869179225812342
PRV52734,No,0.003495549518555428
PRV52735,No,0.0026070491092125376
PRV52737,No,0.0002867740700372475
PRV52749,No,0.0003491209006829601
PRV52759,No,0.0032736501654339195
PRV52762,No,0.0003217099578785264
PRV52765,No,0.0001531839886366711
PRV52776,No,0.0027213059446222327
PRV52779,No,0.0031467658077882136
PRV52780,No,0.00021981329035929007
PRV52802,No,0.0005790831940084479
PRV52805,No,0.1575724456719152
PRV52809,No,0.005303035209591747
PRV52811,No,0.3438076688653625
PRV52812,No,0.0065016613814867065
PRV52817,No,0.003690511358757454
PRV52819,No,0.2486101746864611
PRV52834,No,0.031704899722849865
PRV52840,Yes,0.7874238411368804
PRV52852,No,0.1420615493680245
PRV52854,No,0.007022568313016175
PRV52856,No,0.02581044103825343
PRV52866,No,0.016423705150876176
PRV52867,No,0.040974097586435256
PRV52871,No,0.003316890431075353
PRV52874,No,0.02201261875462142
PRV52883,No,0.035704272820579544
PRV52885,No,0.04608108886274711
PRV52888,No,0.0013379865931443138
PRV52894,No,0.0048448320440276985
PRV52900,No,0.2447639260583817
PRV52906,No,0.0003268626141737493
PRV52908,No,0.07399429571824095
PRV52909,No,0.002510959343518895
PRV52915,No,0.008047735221337213
PRV52923,No,0.002894308519106726
PRV52927,No,0.0027974645674997472
PRV52939,No,0.011185250683826049
PRV52946,No,0.0005879918021768085
PRV52947,No,0.0001671402678511101
PRV52959,No,0.000698894214275234
PRV52960,No,0.06471019622818369
PRV52965,No,0.00018569735146820008
PRV52967,No,0.0007566685888526535
PRV52968,No,0.0032467453168070863
PRV52969,No,0.42197764218564443
PRV52973,No,0.002473791333162793
PRV52974,No,0.0010918287731814076
PRV52975,No,0.009815600048756893
PRV52977,No,0.009664199756517328
PRV52983,No,0.09528031407834239
PRV52984,No,0.1713314732159828
PRV52987,No,0.0018808807254256175
PRV52992,No,0.014342716420771057
PRV52994,No,0.4280701803299727
PRV52995,Yes,0.5211228294273722
PRV52997,No,0.007384237585339721
PRV53003,No,0.0016646439955028541
PRV53006,Yes,0.5211186098833416
PRV53010,No,0.00030544923078860395
PRV53011,No,0.04282435926348929
PRV53012,No,0.0015873519629602826
PRV53022,No,0.0032342621585083136
PRV53023,No,0.2331837716496294
PRV53030,No,0.005592143301429416
PRV53039,No,0.002667642492893995
PRV53041,No,0.0745900824718507
PRV53046,No,0.00017454169877697295
PRV53051,No,0.0024086575899591907
PRV53053,No,0.0005907416138427374
PRV53058,No,0.00016801786472522194
PRV53060,No,0.009207381079253146
PRV53068,No,0.0010969104477167838
PRV53080,No,0.0003640095253999408
PRV53082,No,0.0021262840993380525
PRV53088,No,0.0001946501241117202
PRV53089,No,0.0014226680051054258
PRV53092,No,0.0011445311034643314
PRV53093,No,0.003782391942655769
PRV53094,No,0.06617760772487538
PRV53097,No,0.034368144607286114
PRV53098,No,0.013067523976127737
PRV53105,Yes,0.9737986920581696
PRV53112,No,0.24148600930797545
PRV53115,No,0.00020443696923496863
PRV53118,No,0.022582102125315154
PRV53130,No,0.0002006706227242432
PRV53132,No,0.003383869340237467
PRV53146,No,0.01543290816157193
PRV53152,No,0.000268323003492113
PRV53155,No,0.05098274934869052
PRV53160,No,0.00022621338512646879
PRV53165,No,0.00019327277244054572
PRV53170,No,0.001402448223969943
PRV53181,No,0.00030709076645656823
PRV53184,No,0.0003020600231619057
PRV53185,No,0.0007146600696091872
PRV53190,No,0.002536003332363689
PRV53193,No,0.002815790787457973
PRV53195,No,0.00014058744185561033
PRV53199,No,0.012053647047534664
PRV53200,No,0.00015160029221196234
PRV53209,No,0.0004003698947716446
PRV53219,No,0.0004050510992809548
PRV53231,No,0.0001947592734168307
PRV53234,No,0.0004850601181363501
PRV53241,No,0.0666988672307443
PRV53250,No,0.006853540250070766
PRV53263,No,0.35655037733193906
PRV53264,No,0.0024480218883746207
PRV53267,No,0.009192894574712366
PRV53270,No,0.002856232977303612
PRV53271,No,0.02463309863191475
PRV53273,No,0.0379493551235707
PRV53275,Yes,0.9607808430986854
PRV53278,No,0.004763336548885406
PRV53285,No,0.00416057175594393
PRV53286,No,0.07787588518495597
PRV53287,No,0.030505366933224618
PRV53299,No,0.030891796145853058
PRV53302,No,0.001743902354730279
PRV53311,No,0.0038177277126734137
PRV53316,No,0.0018499287040780231
PRV53322,No,0.006212601542919004
PRV53324,No,0.010334854673985174
PRV53327,No,0.2465306561306791
PRV53328,No,0.002784400930136585
PRV53330,No,0.0003569913622619654
PRV53332,No,0.002875657787806381
PRV53333,No,0.0036381863073334597
PRV53338,No,0.0207437545949541
PRV53345,No,0.04871756080337266
PRV53348,No,0.0003216682751696349
PRV53366,Yes,0.627973367572946
PRV53367,No,0.01756978588279319
PRV53368,No,0.07981358909750792
PRV53372,No,0.0007919551751473844
PRV53395,No,0.008052025779365595
PRV53400,No,0.002430190126433642
PRV53404,No,0.24815402276974083
PRV53406,No,0.11030967877670271
PRV53410,No,0.07045379332447488
PRV53414,No,0.004283575561957305
PRV53418,No,0.019014928768871297
PRV53420,No,0.39856901046854054
PRV53422,No,0.05331786326806293
PRV53425,No,0.003904178502263349
PRV53430,No,0.00028293329326522983
PRV53434,No,0.0026603154688532855
PRV53458,No,0.0003023513840149632
PRV53459,No,0.0048742133858683786
PRV53464,No,0.009277992565985337
PRV53466,No,0.0005930202874542438
PRV53468,No,0.44428416079953115
PRV53481,No,0.00024846795924991197
PRV53488,No,0.0002879868767820977
PRV53493,Yes,0.5702373802568242
PRV53497,No,0.005306400989856388
PRV53500,No,0.0003175844654875969
PRV53505,No,0.0008521576462899097
PRV53508,No,0.22795702633447942
PRV53512,No,0.0006286103668738641
PRV53514,No,0.17062977355807438
PRV53518,No,0.015806244901882472
PRV53528,No,0.027660779270593315
PRV53529,No,0.0013532738805384756
PRV53537,No,0.0005388751590456037
PRV53538,No,0.00042567596305573415
PRV53541,No,0.0034457640703386876
PRV53542,No,0.0016938875996008068
PRV53543,No,0.00019456264782005003
PRV53546,No,0.004588960320149597
PRV53552,No,0.0018964398568985133
PRV53557,No,0.0004954497129340058
PRV53567,No,0.0004044230373291753
PRV53575,No,0.008326655128164858
PRV53576,No,0.00032189150920737894
PRV53579,No,0.0009784237534978348
PRV53580,No,0.0010965924428423077
PRV53583,No,0.00020983826778610523
PRV53592,No,0.10809576677671207
PRV53603,No,0.002240666989736945
PRV53610,Yes,0.9890577767914305
PRV53615,No,0.0036370100665799317
PRV53630,No,0.00042467681062151037
PRV53636,No,0.0458481270609198
PRV53637,No,0.02267673495881971
PRV53639,No,0.02667660911577334
PRV53650,No,0.0025039038963645356
PRV53653,No,0.0008021366817943253
PRV53687,No,0.0003102719048832782
PRV53691,No,0.14531337784140988
PRV53693,No,0.015656771236032645
PRV53707,No,0.029160709410018738
PRV53711,No,0.4739087478601809
PRV53736,No,0.0002953518884838948
PRV53737,No,0.0003081477597365658
PRV53738,No,0.008281121492183298
PRV53739,No,0.00019217624379370336
PRV53742,No,0.0043188376358798955
PRV53744,No,0.003685213906953602
PRV53747,No,0.00020305064778215287
PRV53748,No,0.3603935429046687
PRV53753,Yes,0.5185111127982102
PRV53758,Yes,0.959420619173891
PRV53760,No,0.002334269066997609
PRV53777,No,0.010482252023013068
PRV53778,No,0.004179186036890363
PRV53789,Yes,0.8865645787165797
PRV53795,No,0.004469110665952574
PRV53800,No,0.002020698794166212
PRV53803,No,0.0027571672331987524
PRV53804,No,0.390365258446409
PRV53809,No,0.035988289016547735
PRV53810,No,0.010966388597990248
PRV53811,No,0.004742540730130106
PRV53813,No,0.007023132992859452
PRV53822,No,0.0001719005885482755
PRV53823,No,0.0006564296925780373
PRV53825,No,0.00032099364420476987
PRV53826,No,0.00025911555286027414
PRV53830,No,0.021370119870132438
PRV53833,No,0.0001677076955741265
PRV53834,No,0.004497191126571351
PRV53847,No,0.0010521203965485656
PRV53852,No,0.00020806584868316412
PRV53853,No,0.0003238173975754974
PRV53854,No,0.43098322974722486
PRV53856,Yes,0.545517696996934
PRV53858,No,0.0003823578552890771
PRV53863,No,0.11204152673446177
PRV53866,Yes,0.9556038349776499
PRV53869,Yes,0.5149977437437623
PRV53870,No,0.10502069594525373
PRV53881,No,0.011077765488446703
PRV53882,No,0.0034013220010680086
PRV53883,No,0.004263031433015769
PRV53886,No,0.05514379234748441
PRV53890,No,0.002645650763035892
PRV53893,No,0.002846182088720048
PRV53897,No,0.06102064297439344
PRV53898,No,0.011753272005420468
PRV53902,No,0.0008525509189483772
PRV53903,No,0.03452866755161403
PRV53904,No,0.007539748114151677
PRV53914,No,0.0009161632291426914
PRV53929,No,0.2013295633074507
PRV53930,No,0.0015557822322418344
PRV53936,No,0.01821804448933335
PRV53948,No,0.45640645933169643
PRV53953,No,0.03084609839443727
PRV53954,No,0.18020064737410177
PRV53955,No,0.32336878953279763
PRV53962,No,0.04656176087709781
PRV53976,No,0.0027079521219330227
PRV53984,No,0.009473357144878174
PRV53987,No,0.21785420877748313
PRV53998,No,0.004239323466811552
PRV54003,No,0.38997660215331953
PRV54010,No,0.0001361764986658424
PRV54015,No,0.002393118547276059
PRV54018,No,0.00018720888032298537
PRV54022,No,0.0007226231093574325
PRV54032,No,0.00016521768298083473
PRV54035,No,0.03613188186545326
PRV54042,No,0.000736242437999301
PRV54047,No,0.003313536191685049
PRV54067,No,0.018530832439679054
PRV54069,No,0.12796229564479764
PRV54079,No,0.4731278452933692
PRV54087,No,0.004211454682749707
PRV54088,No,0.00139972767028397
PRV54094,Yes,0.9106224468201819
PRV54095,No,0.0028488743522784637
PRV54097,No,0.012281399224338579
PRV54100,No,0.006558939384546999
PRV54104,No,0.002521364719671791
PRV54105,No,0.3562390244230044
PRV54108,No,0.00024522525988577437
PRV54126,No,0.00033382257361514746
PRV54137,No,0.0006843293037978378
PRV54138,No,0.0002601146150637328
PRV54143,No,0.0004780080881745015
PRV54147,No,0.00047026863900222074
PRV54151,No,0.00024227253873980315
PRV54152,No,0.028146040273644445
PRV54161,No,0.00022756741609107622
PRV54165,No,0.003835604153867816
PRV54169,No,0.0010675685644493675
PRV54170,No,0.007016849536480704
PRV54174,No,0.0001448208865283377
PRV54189,No,0.00031923808177160577
PRV54190,No,0.0021708350203725477
PRV54195,No,0.0002339786415621288
PRV54211,No,0.06769826157233376
PRV54214,No,0.025392787296749278
PRV54218,No,0.021075859235559494
PRV54221,No,0.008872477591739326
PRV54229,No,0.010662084658597828
PRV54234,No,0.006702982798311651
PRV54236,No,0.011075307648797583
PRV54241,No,0.0002969695761873744
PRV54243,No,0.0036284835882874067
PRV54248,No,0.003313061389998784
PRV54249,No,0.0388848920494885
PRV54260,No,0.002279229719720219
PRV54264,No,0.22698715543693004
PRV54268,No,0.031500351091557
PRV54272,No,0.0024129826372305432
PRV54277,No,0.009365776753219406
PRV54279,No,0.005075476950281467
PRV54281,No,0.002295055053784311
PRV54286,No,0.00018315398171647658
PRV54292,No,0.00017261839540759746
PRV54314,No,0.0049769612468024815
PRV54318,No,0.004197811096999977
PRV54321,No,0.004607720450379808
PRV54322,No,0.006779439668408178
PRV54329,No,0.003983539887279678
PRV54331,No,0.05338580654845439
PRV54338,No,0.25204720777412865
PRV54346,No,0.02213249715243229
PRV54351,No,0.03587528405596868
PRV54364,No,0.0012240671132119788
PRV54366,No,0.02271602131286005
PRV54369,No,0.02835182976659421
PRV54376,No,0.00041018126491633775
PRV54385,No,0.03797882970569133
PRV54386,No,0.0008632222325812617
PRV54394,No,0.3487607369394854
PRV54395,No,0.012204328207092552
PRV54397,No,0.24158446370649414
PRV54398,No,0.1066770225172846
PRV54405,No,0.0055991169623946305
PRV54406,No,0.013790516581377772
PRV54417,No,0.0012089478404090149
PRV54418,No,0.01846765841281699
PRV54428,No,0.0012422037888221793
PRV54440,No,0.00019156865929121386
PRV54445,No,0.007755193462745751
PRV54446,No,0.0001473752756366932
PRV54447,No,0.0006633288609409958
PRV54453,No,0.0003259670425316294
PRV54458,No,0.00010770367496045666
PRV54464,No,0.0034682326366101907
PRV54470,No,0.0002079776742845618
PRV54474,No,0.011743110022614965
PRV54476,No,0.00692246751315042
PRV54484,No,0.0010090034675808604
PRV54485,No,0.00013514927168840836
PRV54487,No,0.00042513181814896126
PRV54488,No,0.00015449348845241785
PRV54492,No,0.00017603775814565109
PRV54493,No,0.0022663130099346645
PRV54494,No,0.009207120647992452
PRV54495,No,0.3714889973607204
PRV54512,No,0.3836205338371752
PRV54513,No,0.014169019876639408
PRV54516,No,0.13071618088936346
PRV54518,No,0.0034550428140126548
PRV54525,No,0.000763705769301113
PRV54527,No,0.001328475100774821
PRV54532,No,0.0031221030683231694
PRV54533,No,0.00028716606881184624
PRV54534,No,0.0002595637988333283
PRV54556,No,0.4541812292303908
PRV54570,No,0.0002203084853058243
PRV54583,No,0.028293084145950075
PRV54584,No,0.011047767287473061
PRV54586,No,0.0003922210749934553
PRV54592,No,0.00017691682696784102
PRV54594,No,0.005374698212786886
PRV54600,No,0.00027753772669177247
PRV54605,No,0.0038699620884655294
PRV54607,No,0.00018073621308990626
PRV54613,No,0.0044074925605051335
PRV54617,No,0.005729839600210179
PRV54626,No,0.0005791183551888836
PRV54631,No,0.0002789011016684341
PRV54632,No,0.0024389641146982293
PRV54641,No,0.0030103979293784407
PRV54647,Yes,0.6630100931649295
PRV54648,No,0.020104474673435423
PRV54650,Yes,0.9088072000580065
PRV54654,No,0.006545994399762564
PRV54655,No,0.0017769898050609256
PRV54659,No,0.45048581570002477
PRV54663,No,0.004676255009706398
PRV54665,No,0.011946296678960345
PRV54669,No,0.00021815969220359614
PRV54698,No,0.29469537675538715
PRV54700,No,0.08367502433781197
PRV54702,No,0.10976697572538759
PRV54706,No,0.13327258855430377
PRV54709,No,0.0002201488976544657
PRV54719,No,0.018152817526975274
PRV54721,No,0.434936994841177
PRV54722,No,0.45322324243658285
PRV54729,No,0.39704069527166325
PRV54731,Yes,0.5187393047189621
PRV54732,No,0.051820876124995995
PRV54733,No,0.024180651313854426
PRV54736,No,0.0005607296598712933
PRV54738,No,0.028934463703013086
PRV54740,No,0.37640507367040354
PRV54744,No,0.0024377864216939753
PRV54746,Yes,0.6277693033946549
PRV54749,No,0.20975645503656357
PRV54750,No,0.04560305169286848
PRV54751,Yes,0.9406547526642304
PRV54752,No,0.0004560762908128194
PRV54754,No,0.12155154262040849
PRV54755,No,0.005795208780478729
PRV54762,No,0.41180115933409284
PRV54766,Yes,0.9413408340342047
PRV54769,No,0.047260161530015096
PRV54770,No,0.04305127720084417
PRV54775,No,0.2249440671539934
PRV54777,No,0.01219547215532668
PRV54782,No,0.005307147351910707
PRV54788,No,0.07960175297239781
PRV54791,No,0.00025123899506135133
PRV54797,No,0.00033344029971484355
PRV54801,No,0.025253888386716276
PRV54804,No,0.01290424926266222
PRV54807,No,0.015542097405955106
PRV54811,Yes,0.5599344087859998
PRV54815,No,0.022631883665164346
PRV54816,No,0.31113620247767065
PRV54823,No,0.0004882883373144412
PRV54825,No,0.39475990374216346
PRV54826,No,0.0014345855383038385
PRV54835,No,0.00659541189948167
PRV54839,No,0.002051214335002025
PRV54843,No,0.00606071915799779
PRV54844,No,0.0006329035322570535
PRV54850,No,0.003455009182929968
PRV54851,No,0.0028427805528931944
PRV54853,Yes,0.7387188338606235
PRV54857,No,0.004705814747939852
PRV54858,No,0.004026215353892274
PRV54872,No,0.000247553923092356
PRV54874,No,0.005508848221560086
PRV54880,No,0.00775851485170936
PRV54884,No,0.0026730816228437617
PRV54897,No,0.03176565190830961
PRV54899,No,0.0025651838849590565
PRV54912,No,0.0059253547728871534
PRV54913,No,0.0030418830124206253
PRV54915,No,0.00904628723448524
PRV54920,No,0.1661205205086464
PRV54921,No,0.003492600445689817
PRV54922,No,0.0035158819540045323
PRV54928,No,0.029174623098726312
PRV54940,Yes,0.8835337536149172
PRV54948,Yes,0.9597774565082018
PRV54951,Yes,0.5267413308532551
PRV54956,No,0.386460897594216
PRV54957,No,0.17435717402901868
PRV54958,Yes,0.7451676732673065
PRV54961,No,0.05704732435166094
PRV54962,No,0.04103621736108484
PRV54964,No,0.10945534389575494
PRV54969,No,0.00046945616436400725
PRV54974,No,0.10760141893640995
PRV54979,No,0.002481379947888693
PRV54980,Yes,0.6138991060478767
PRV54984,Yes,0.5957957241354015
PRV54987,No,0.018658613559901106
PRV54989,Yes,0.5575838708837655
PRV54994,No,0.00197843238693265
PRV54996,No,0.034711106626146584
PRV55008,No,0.009964359928669099
PRV55009,No,0.042471574659224375
PRV55014,Yes,0.5347343451485317
PRV55015,No,0.2040889368560501
PRV55017,No,0.046425866782031144
PRV55020,No,0.033830383204541764
PRV55021,No,0.0396005799527245
PRV55025,No,0.05696532908021378
PRV55033,No,0.008120491753868886
PRV55046,No,0.2854324339823553
PRV55047,No,0.0707530035504135
PRV55055,No,0.016989599120009847
PRV55060,No,0.005011459482058461
PRV55065,No,0.007172827159338968
PRV55066,No,0.009492443363256968
PRV55075,No,0.004394846603338724
PRV55082,No,0.005895166020371463
PRV55084,No,0.0036819567205850796
PRV55090,No,0.012146893558846072
PRV55100,No,0.009959927463222213
PRV55101,No,0.00016716591352959948
PRV55102,No,0.0019050870686101926
PRV55105,No,0.0002971211798101191
PRV55107,No,0.001370435716973082
PRV55109,No,0.0030337107824063973
PRV55113,No,0.000370177001760299
PRV55115,No,0.00913856462392882
PRV55119,No,0.021827389842705876
PRV55125,No,0.2267877033083392
PRV55127,No,0.009423871353869438
PRV55139,No,0.01442835534966905
PRV55142,No,0.0053089661828173195
PRV55153,No,0.18945425633721935
PRV55159,No,0.02544445520290279
PRV55162,No,0.004400003878297845
PRV55170,No,0.022097528184420304
PRV55174,No,0.0692268549104837
PRV55186,No,0.40863065814566035
PRV55190,Yes,0.7436514312044811
PRV55199,No,0.1167990369246955
PRV55201,No,0.0009486410033285914
PRV55204,Yes,0.5761102214405283
PRV55212,No,0.03891488568767568
PRV55217,No,0.00522266030464579
PRV55221,No,0.016668757631361913
PRV55222,Yes,0.6475794143613673
PRV55223,No,0.34774736638029663
PRV55228,No,0.01685065142007424
PRV55241,No,0.04550695522607889
PRV55245,No,0.015021789706331348
PRV55249,No,0.004611547280402464
PRV55251,No,0.3507262932329522
PRV55253,No,0.3188454742384025
PRV55280,No,0.00017032654805935194
PRV55282,No,0.003013751976604737
PRV55284,No,0.1114247154028571
PRV55287,No,0.000268323003492113
PRV55288,No,0.0014851854458932754
PRV55290,No,0.004571183703007214
PRV55294,No,0.0001666060399356593
PRV55301,No,0.0019033726839044467
PRV55303,No,0.052076855494821946
PRV55308,No,0.00355539349725312
PRV55310,No,0.0056505233493205145
PRV55311,No,0.0009792654795486252
PRV55315,No,0.0063330514670188465
PRV55317,No,0.0026676280001903365
PRV55321,No,0.03407407903421315
PRV55327,No,0.0027281198003975583
PRV55328,No,0.006011271778263101
PRV55332,No,0.0003424652775242127
PRV55334,No,0.00022919698750165803
PRV55336,No,0.00022239638763381402
PRV55346,No,0.000862073132029429
PRV55347,No,0.0012094393059957494
PRV55349,No,0.003108468090056073
PRV55367,No,0.020605863288262444
PRV55369,No,0.0038943754257795733
PRV55370,No,0.004330924351511868
PRV55373,No,0.000352620924973399
PRV55380,No,0.012254801214303444
PRV55389,No,0.49770550897709825
PRV55391,No,0.2600481764842511
PRV55393,No,0.1581559237895198
PRV55394,Yes,0.5260184957377829
PRV55403,No,0.00018890160722127202
PRV55406,No,0.00038558735037021093
PRV55407,No,0.0002392407512307016
PRV55415,No,0.0006091645830437553
PRV55420,No,0.0005460434768106685
PRV55421,No,0.0003156629686018265
PRV55422,No,0.0005452341117998632
PRV55429,No,0.019076355334128197
PRV55440,No,0.17441362871338828
PRV55457,No,0.024755348766812745
PRV55461,No,0.0007672040490354742
PRV55466,No,0.10048895887144317
PRV55476,Yes,0.6430471214207931
PRV55478,Yes,0.8711284466892211
PRV55484,No,0.41975864763657555
PRV55485,Yes,0.9649557178932179
PRV55488,No,0.0011922872061506666
PRV55502,No,0.333461805716381
PRV55504,No,0.00033400648936326603
PRV55517,No,0.006875616409234694
PRV55524,No,0.010515636570498237
PRV55526,No,0.014780557792869338
PRV55529,Yes,0.5817777663735488
PRV55532,No,0.23125830121817958
PRV55533,No,0.0028168826493686168
PRV55542,No,0.0679457386890662
PRV55544,No,0.035120283673617775
PRV55545,Yes,0.7156287221438052
PRV55546,No,0.008176331431844193
PRV55553,No,0.0020828337324004915
PRV55559,No,0.008338390611659433
PRV55568,No,0.0003878095452069456
PRV55594,No,0.0002578709982214287
PRV55597,No,0.0002801759151324357
PRV55605,No,0.0009705698549903784
PRV55611,No,0.0004404330157417969
PRV55616,No,0.00030530419289511243
PRV55628,No,0.00031057082819497053
PRV55629,No,0.005074159556243097
PRV55630,No,0.00032651357239805415
PRV55636,No,0.00037993773922296014
PRV55643,No,0.0012028774507534773
PRV55645,No,0.002800229014862286
PRV55647,No,0.0005357791664610824
PRV55651,No,0.4278231200178408
PRV55669,No,0.05402915445011696
PRV55672,No,0.01746999400440792
PRV55681,No,0.03803988661720828
PRV55685,No,0.30673551724853204
PRV55686,No,0.005896152445497616
PRV55693,No,0.005938901082912603
PRV55694,No,0.06226963788781074
PRV55696,No,0.0003146444298148199
PRV55698,No,0.004213457279118892
PRV55708,No,0.026033334547147978
PRV55713,No,0.07475981211761361
PRV55718,Yes,0.5449537080672523
PRV55722,No,0.0003680310173859603
PRV55725,No,0.0011915715385550215
PRV55730,No,0.02825432779340541
PRV55738,No,0.014989048241732845
PRV55746,No,0.3691141832038042
PRV55747,No,0.00021534196639608766
PRV55756,No,0.004123363765569521
PRV55757,No,0.019288849983023396
PRV55758,No,0.00018055335722586268
PRV55773,No,0.001962442274141411
PRV55781,No,0.017448362239294402
PRV55784,No,0.00017211714669048965
PRV55799,No,0.0005367053472430687
PRV55823,No,0.0027631751830247474
PRV55824,No,0.01193211349015125
PRV55825,Yes,0.7388227362457448
PRV55827,No,0.03604426868453894
PRV55829,No,0.47117747685252676
PRV55838,No,0.21604336552508713
PRV55840,No,0.029317626501271524
PRV55841,Yes,0.5688689633560644
PRV55844,No,0.01850062735658431
PRV55845,Yes,0.6807712790824308
PRV55853,No,0.003902971508441101
PRV55857,No,0.002442149292350608
PRV55860,No,0.0029466848763416427
PRV55861,No,0.003898458262382744
PRV55878,No,0.00046446492588093094
PRV55888,No,0.3371013266172583
PRV55889,Yes,0.8570922543082772
PRV55890,No,0.1310232318890421
PRV55894,No,0.00547124449959762
PRV55899,No,0.008390336519302662
PRV55922,No,0.0021819759422688338
PRV55923,No,0.0002986726714501868
PRV55924,No,0.007414561222385494
PRV55932,No,0.05051682836184502
PRV55947,No,0.0021339012570051556
PRV55949,No,0.4824313114218038
PRV55952,No,0.0029711658597754613
PRV55954,No,0.07773812428504048
PRV55960,No,0.014997056359469177
PRV55961,No,0.19481955134818793
PRV55962,No,0.14630644560701925
PRV55967,No,0.12100977378836543
PRV55973,No,0.335644671518613
PRV55975,No,0.014341221717950341
PRV55976,No,0.0001293329487282814
PRV55979,No,0.0002677358276163319
PRV55987,No,0.002058299954819881
PRV55988,No,0.08957663707660743
PRV55992,No,0.011518908537585464
PRV55994,No,0.25612414326728994
PRV55998,No,0.00027162840207518895
PRV56000,No,0.003938354546990682
PRV56009,No,0.17035003604130897
PRV56022,No,0.014512127166259518
PRV56024,Yes,0.9220026631888907
PRV56035,No,0.009186016754931893
PRV56042,No,0.016874509199574287
PRV56043,No,0.002769044410603176
PRV56053,No,0.0002527843496457198
PRV56059,No,0.00020752985169886543
PRV56061,No,0.0005935478868461057
PRV56064,No,0.00022070538846407083
PRV56069,No,0.0002483876423524162
PRV56070,No,0.00048713097599423764
PRV56074,No,0.0016257380116883938
PRV56079,No,0.00011778617167695229
PRV56081,No,0.0003166686469407856
PRV56082,No,0.004158793889198502
PRV56085,No,0.005043232398480524
PRV56096,No,0.008493207689029081
PRV56097,No,0.0005508370362695379
PRV56100,No,0.00019142513465724134
PRV56107,No,0.004610041040840907
PRV56110,No,0.0026137570099835374
PRV56112,No,0.0024679959798163177
PRV56127,No,0.29776950738899755
PRV56128,No,0.14209179685527362
PRV56132,No,0.1855540750436853
PRV56144,No,0.010349911127299539
PRV56150,No,0.005115860493687158
PRV56155,No,0.03724098547103218
PRV56160,No,0.004289795697842913
PRV56162,No,0.0009858266067002872
PRV56167,No,0.011312689216645723
PRV56175,No,0.007240127613863515
PRV56178,No,0.014367564061256641
PRV56180,No,0.007516987136428886
PRV56188,No,0.00028416738465240047
PRV56192,No,0.0027713923204918164
PRV56195,No,0.0008331797193583575
PRV56197,No,0.0003339877473793177
PRV56203,No,0.44007055053529504
PRV56204,No,0.26580795075959274
PRV56205,No,0.3037302090462014
PRV56215,No,0.001183262978000542
PRV56223,No,0.3485845578749693
PRV56226,No,0.4780296250642082
PRV56230,No,0.40878523967926866
PRV56240,No,0.3027693656116916
PRV56244,Yes,0.5350742063508916
PRV56246,No,0.010863084344465226
PRV56250,No,0.010099337276388844
PRV56254,No,0.08733726420798016
PRV56273,No,0.00022552240844641393
PRV56292,No,0.00027114879399580674
PRV56294,No,0.005217018968296474
PRV56296,No,0.00039956360649053317
PRV56298,No,0.0003290339655239137
PRV56312,No,0.00025624665252975783
PRV56315,No,0.00026613761395541646
PRV56320,No,0.0141266430394799
PRV56323,No,0.010918231986259457
PRV56325,No,0.00035236759739113875
PRV56326,No,0.00026203491325070457
PRV56327,No,0.0010448395536342319
PRV56332,No,0.002248184645195081
PRV56343,Yes,0.5216712584623289
PRV56356,No,0.0002109537373405621
PRV56359,No,0.00029097414192685004
PRV56365,No,0.0001999832778112903
PRV56371,No,0.000284580577232561
PRV56372,No,0.0002174667830969983
PRV56382,No,0.005292375626134628
PRV56383,No,0.018193452986638266
PRV56386,No,0.005603461639432558
PRV56399,No,0.12395316179296502
PRV56402,No,0.2461628340060129
PRV56409,No,0.4622216618695084
PRV56419,No,0.0003427763179088953
PRV56420,No,0.011401211482197984
PRV56422,No,0.0032345266098815
PRV56424,No,0.03880569327337001
PRV56429,No,0.28342082818724373
PRV56431,No,0.45837502792308654
PRV56434,No,0.0022869571241994602
PRV56436,No,0.009734255042742583
PRV56443,No,0.015600980363387772
PRV56446,No,0.007025171555058021
PRV56450,No,0.2193866087667152
PRV56457,No,0.020943408213994718
PRV56459,No,0.047006005308700555
PRV56460,Yes,0.9858034231530906
PRV56462,No,0.37244918601932947
PRV56465,No,0.04222416729389601
PRV56472,No,0.003229880120540768
PRV56488,No,0.005122996968903722
PRV56491,No,0.0023247449480669046
PRV56492,No,0.0007913208994167863
PRV56493,No,0.20409853954293145
PRV56499,No,0.2853454652759314
PRV56503,No,0.11090683534987146
PRV56505,No,0.0007203628245696299
PRV56506,No,0.008169276731756379
PRV56513,No,0.0017890428190594438
PRV56516,No,0.0005166076007179263
PRV56520,No,0.005993876231790488
PRV56532,No,0.49939521611777926
PRV56534,No,0.007958645402932018
PRV56542,No,0.0064259231147292505
PRV56558,No,0.30228272172331283
PRV56561,No,0.09975157372265729
PRV56564,No,0.24161363791632914
PRV56565,No,0.0729204952100757
PRV56567,No,0.0012619400906585248
PRV56569,No,0.004958002430546986
PRV56573,Yes,0.9455207907626055
PRV56599,No,0.009560525737732736
PRV56600,No,0.003680164014953992
PRV56609,No,0.031229470240318604
PRV56612,Yes,0.7011486380968587
PRV56617,No,0.0863139075249153
PRV56619,No,0.0010388696942250303
PRV56620,No,0.010005993764444734
PRV56623,No,0.26160646776114227
PRV56627,No,0.003121327121060335
PRV56629,No,0.04987070105017479
PRV56631,No,0.15114899389801978
PRV56636,No,0.07440916668837194
PRV56644,No,0.0018643123835240187
PRV56646,No,0.00046886601616881636
PRV56650,No,0.06713992575775346
PRV56652,No,0.0153456066993001
PRV56661,No,0.0029918105841546137
PRV56665,No,0.027761487516087396
PRV56666,No,0.2094831887107934
PRV56670,No,0.007245925656396418
PRV56676,No,0.004867090694497331
PRV56678,Yes,0.9371828898225959
PRV56690,No,0.0354306921177782
PRV56692,No,0.0002468114525619133
PRV56695,No,0.0003088143245299071
PRV56698,No,0.0006693127660022342
PRV56704,No,0.0002886601346959132
PRV56709,No,0.06585757039119389
PRV56714,No,0.09111273433722011
PRV56727,Yes,0.5178347552902781
PRV56736,No,0.022295085621853002
PRV56737,No,0.0003768082053544763
PRV56744,No,0.004716113433398378
PRV56756,Yes,0.5305462921075604
PRV56757,No,0.012796111080927907
PRV56770,No,0.00037485779930916083
PRV56776,Yes,0.6314655688462971
PRV56779,No,0.001078410378159695
PRV56781,No,0.42266426581625166
PRV56785,No,0.0042752876765399335
PRV56786,No,0.0012310249188070834
PRV56787,Yes,0.5306232165430306
PRV56794,No,0.0004448986315831373
PRV56795,No,0.018567388045285994
PRV56799,No,0.0038217473400120766
PRV56804,No,0.0006959375147475177
PRV56806,No,0.00039052377601389354
PRV56812,No,0.00904692010927189
PRV56814,No,0.06867897931376127
PRV56815,No,0.029522294882206913
PRV56817,No,0.021237455355337005
PRV56822,No,0.00022061936630038802
PRV56825,No,0.001670125368115165
PRV56827,No,0.007850218169924423
PRV56838,No,0.00030714432067909377
PRV56841,No,0.03331608358952761
PRV56842,No,0.013973995340181865
PRV56844,No,0.0026497917936715272
PRV56847,No,0.006848165499607839
PRV56848,No,0.00027252661711360906
PRV56849,No,0.00020645838630919708
PRV56859,No,0.004618764791633861
PRV56865,No,0.009964110550611683
PRV56872,No,0.0018589001540580724
PRV56874,No,0.00019010190069330545
PRV56875,No,0.007786112980923344
PRV56876,No,0.11152792786987906
PRV56883,No,0.0005510665328716238
PRV56898,No,0.00305355727339737
PRV56899,No,0.06216620828624968
PRV56911,No,0.024144891162105383
PRV56913,No,0.27989592956784937
PRV56921,No,0.007655986622902874
PRV56922,No,0.00025594015980753355
PRV56924,No,0.019083773413911664
PRV56925,No,0.00033223501531407825
PRV56927,No,0.0003646003159100767
PRV56936,No,0.0015821760416060413
PRV56940,No,0.00032188832589550453
PRV56943,No,0.003416199072572021
PRV56952,No,0.00018538330282401015
PRV56955,No,0.00268651607474882
PRV56959,No,0.009165375621920801
PRV56961,No,0.0004821218640535163
PRV56962,No,0.02956133865944379
PRV56968,No,0.0035506016810249452
PRV56975,No,0.0004737136825334057
PRV56979,No,0.0009213422068292978
PRV56983,No,0.0022927472709039585
PRV56994,No,0.000570121032527578
PRV57001,No,0.0003218478129117221
PRV57003,No,0.0006696369418695954
PRV57007,No,0.002923383508796437
PRV57008,No,0.00035490357793728305
PRV57009,No,0.00021412393725540557
PRV57012,No,0.00026685471472959947
PRV57019,No,0.00028672703868402383
PRV57022,No,0.343721695065976
PRV57026,No,0.05244044937227
PRV57027,No,0.008276582364557096
PRV57028,No,0.26301444008833663
PRV57029,No,0.027782078635703488
PRV57032,No,0.374805103664025
PRV57035,No,0.08664209095530101
PRV57037,No,0.0005889194749510139
PRV57040,No,0.006156966410834344
PRV57042,No,0.0003320281363752422
PRV57044,No,0.0008036626225682026
PRV57045,No,0.005086172115766111
PRV57050,No,0.033813609984823675
PRV57055,No,0.003011251815282957
PRV57060,No,0.000558274123708972
PRV57064,No,0.0006418613921078506
PRV57065,No,0.016741106917215778
PRV57066,No,0.0020227336556352536
PRV57068,No,0.00034832066750706785
PRV57070,No,0.10875550539803557
PRV57071,No,0.020860977785362708
PRV57079,No,0.07166283396245836
PRV57083,No,0.009356978368397422
PRV57090,No,0.013245756383210724
PRV57095,No,0.01012710603561483
PRV57106,No,0.018964302817677456
PRV57111,No,0.25505988094468873
PRV57114,No,0.009288795814259248
PRV57123,No,0.16465494577002165
PRV57135,No,0.005697995094009772
PRV57155,No,0.004373366872715324
PRV57163,No,0.003489278520007137
PRV57164,No,0.025980654872014015
PRV57178,Yes,0.9167403345519191
PRV57180,No,0.037876057781826546
PRV57195,No,0.47721820263769743
PRV57201,No,0.15412896990551728
PRV57214,Yes,0.7954026135215164
PRV57220,No,0.1973979528074106
PRV57221,No,0.007475503560951018
PRV57222,No,0.022316112151325226
PRV57226,No,0.4406603467977513
PRV57229,No,0.08028850237211174
PRV57237,No,0.017456575118952444
PRV57243,No,0.0002900237038615794
PRV57249,No,0.0031054796118851692
PRV57254,No,0.002836513777156612
PRV57258,No,0.004319579228440173
PRV57260,No,0.0005968000102464251
PRV57267,No,0.0021969383714027383
PRV57268,No,0.0008904116196349847
PRV57271,No,0.00034389350537764366
PRV57279,No,0.015664708850888488
PRV57281,No,0.000320895993270174
PRV57292,No,0.04652124788242631
PRV57296,No,0.026317764671528257
PRV57300,No,0.3360115326463587
PRV57323,Yes,0.9240446157567195
PRV57337,Yes,0.5804762673203997
PRV57338,No,0.0019035299758918625
PRV57342,No,0.017535873446058458
PRV57349,No,0.00022710984679270654
PRV57353,No,0.002568770515191849
PRV57360,No,0.059632682669192486
PRV57362,No,0.00017400502920227588
PRV57370,No,0.0003409373458879365
PRV57377,No,0.0025853856048344078
PRV57383,No,0.005404227686529484
PRV57384,No,0.0003077462660821888
PRV57387,No,0.00696340420151666
PRV57395,No,0.0003238026608507421
PRV57418,No,0.0040193414003021075
PRV57420,No,0.005836950735154525
PRV57428,No,0.10940235662956611
PRV57430,No,0.0025770255239769783
PRV57439,No,0.001890913038078458
PRV57442,No,0.0033903742215001973
PRV57451,No,0.003787785953452892
PRV57457,No,0.0035962535239733935
PRV57458,No,0.005878702575548551
PRV57466,No,0.0003323668955657968
PRV57478,No,0.012093645476411294
PRV57480,Yes,0.5619854922593142
PRV57482,No,0.002014664057779312
PRV57483,No,0.0012379041205477536
PRV57493,No,0.018597362782512374
PRV57494,No,0.24248317912368234
PRV57497,No,0.0005064383548529267
PRV57498,No,0.03697315894957497
PRV57503,No,0.4651357754315138
PRV57505,No,0.02193503869200223
PRV57506,No,0.00025907384012541874
PRV57508,No,0.005335241868040438
PRV57511,No,0.3928293016027592
PRV57513,No,0.008272336776995069
PRV57524,No,0.004237779376809637
PRV57535,No,0.0026946427368582516
PRV57537,No,0.47184878870335006
PRV57538,No,0.03377893773156027
PRV57554,No,0.00026124158299597084
PRV57556,No,0.0046243808200918226
PRV57559,No,0.006884623330698978
PRV57562,No,0.005226010739748837
PRV57566,No,0.05940832555110267
PRV57579,No,0.28735313438126364
PRV57582,No,0.011686229613198446
PRV57587,No,0.03880211971050029
PRV57589,No,0.002187141008989166
PRV57591,No,0.07056102052917218
PRV57604,No,0.002422775231425599
PRV57606,No,0.009801763940242337
PRV57607,No,0.009041254053467092
PRV57608,No,0.17606570822421902
PRV57620,No,0.0021094356043311648
PRV57621,No,0.002550290733997746
PRV57622,No,0.00017574648187941499
PRV57628,No,0.002325006934557629
PRV57637,No,0.0003994642704111733
PRV57644,No,0.029717613783522386
PRV57648,No,0.00045338349462624233
PRV57649,No,0.019682861845251302
PRV57656,No,0.006109986735467067
PRV57661,No,0.00027368384336789255
PRV57664,No,0.011242264778238005
PRV57665,No,0.0001398030387410818
PRV57666,No,0.2546618972801443
PRV57681,No,0.00045993242544830644
PRV57685,No,0.0018059298187870308
PRV57695,No,0.0001945325726197772
PRV57698,No,0.008427745024843607
PRV57703,No,0.0002955614162586886
PRV57708,No,0.003488451717981906
PRV57713,No,0.00024630560438060437
PRV57726,No,0.0006431852935285486
PRV57745,No,0.0005034822680872391
PRV57749,No,0.008393198663535172
PRV57750,No,0.0067878775765928216
